{"cameraMode":{"drawMode":0,"name":"Shaded","section":"Shading Mode"},"sceneLighting":true,"audioPlay":false,"sceneViewState":{"m_AlwaysRefresh":false,"showFog":true,"showSkybox":true,"showFlares":true,"showImageEffects":true,"showParticleSystems":true,"showVisualEffectGraphs":true,"m_FxEnabled":true},"in2DMode":false,"pivot":{"x":1.5667998790740967,"y":1.831558108329773,"z":0.3131324350833893},"rotation":{"x":-0.40500426292419436,"y":-0.03509865328669548,"z":0.015560856088995934,"w":-0.9135099649429321},"size":10.353321075439454,"orthographic":false}